index_name,col_A,col_B
SI-TS-A1,AATTTCGGGT,GAGGAGAGAG
SI-TS-A2,CTACTGAATT,AGCGCTAGCG
SI-TS-A3,CAAGCGTTAG,CGCATTCGCG
SI-TS-A4,GCTACCCGGT,TCCATTACAT
SI-TS-A5,CTCAGCGGGA,TTATCCGTAA
SI-TS-A6,TCAGAACTTT,GTGGACTGCG
SI-TS-A7,TAAACCCTAG,TTCCTATCAG
SI-TS-A8,GTCTAGTTTG,GTTGCAACCA
SI-TS-A9,CCACTTACGT,CGTGTTTCAA
SI-TS-A10,TACGGTTCAT,ATCTTGGACG
SI-TS-A11,CTACCTTTCT,TCCCTGTGAA
SI-TS-A12,GTACCGGTAT,CCCATCCAAA
SI-TS-B1,TATGACGAGT,CGAGAATCCT
SI-TS-B2,ACCTGGTACA,ACTTTACCCA
SI-TS-B3,GTCACGGGTG,AACGATAACA
SI-TS-B4,ACCCGCTCGA,TACGGGTGAC
SI-TS-B5,GTGTCTAACT,GAGAGCTTGC
SI-TS-B6,CGGCCATAGG,GAACGAAGCT
SI-TS-B7,CATGCTGCTC,CGGTTTCCAC
SI-TS-B8,CGCATTTCTC,TGGTTGTGCG
SI-TS-B9,TCAGTGATGA,GCGAGAGTCG
SI-TS-B10,CACCGTCGAT,CGAAATAGCT
SI-TS-B11,TCTAGACGAA,CTCTAATTCA
SI-TS-B12,CCAGGGTCAA,GACAAGGTCG
SI-TS-C1,TAGGGTCAAA,TTATTGCCTA
SI-TS-C2,TCCTTGGAGC,TGGGTTGACG
SI-TS-C3,ACCGACTGAT,GAACCCAGGA
SI-TS-C4,GTTACTAGAT,ATGATCAGTC
SI-TS-C5,CGAGTTGGGT,TGTTTCTAGT
SI-TS-C6,CGCGCCAAAG,CCTTGGATTT
SI-TS-C7,GATCGCGGTA,GACGGTTCCG
SI-TS-C8,GCCACTTCGA,TGGCGTATTC
SI-TS-C9,TGCTTAACGT,TGTGGGTGTA
SI-TS-C10,CCATGGAGGC,AACCTAGGCG
SI-TS-C11,CAGCCAGTAA,GTATTATGTC
SI-TS-C12,TTTGAGATAC,CACGGAGTGC
SI-TS-D1,CTTCTAATGT,AGTGCGCACT
SI-TS-D2,AGGCTGATTC,GTCATCTAGC
SI-TS-D3,TTCTTTGTAG,CTTAGAGGAC
SI-TS-D4,AGACAAGTCA,AAGCTGCTGG
SI-TS-D5,ACACAGACAA,TAGCGCGTCT
SI-TS-D6,ACTAAATGGG,ACAGATTTGT
SI-TS-D7,CTAGAAATTG,CGAAAGTAAG
SI-TS-D8,GCGCAAACAA,AGTTATCTAG
SI-TS-D9,GAGTAGGATT,ATGCTATACG
SI-TS-D10,TTATGGTGCT,GCATGGATAA
SI-TS-D11,GAGTCCGCAA,AGTTCCAGAG
SI-TS-D12,ACGGAATTAC,GCGTCCTGTC
SI-TS-E1,CACATAAACA,GTTTGAAGTA
SI-TS-E2,ACCAATCGTG,CCCGTGGAGA
SI-TS-E3,GTATAGGGTG,TGGAGGGTTT
SI-TS-E4,CGCTTCCAGA,AGCACCCGGA
SI-TS-E5,CGATGCCCAA,TAAGTCCACT
SI-TS-E6,CAGAGAGGGT,TAAACGATCG
SI-TS-E7,TACCAGTGCG,GAGCCTGGTA
SI-TS-E8,GTTAAACCGC,CAAGCCGGCT
SI-TS-E9,CTTAACGCTT,TCACACTAGC
SI-TS-E10,GAAATGACGG,CCCTTCTCCA
SI-TS-E11,TCTTCGAAGT,CATATCAGGT
SI-TS-E12,GCGCCACATG,TGTAACTATG
SI-TS-F1,GATAATACCG,TTTACGTGGT
SI-TS-F2,CTCAACCAGG,GTCTGCAGAC
SI-TS-F3,CTGGCCGAAG,GTGAATAATG
SI-TS-F4,TTTCGCAGGC,GTGCATCGAG
SI-TS-F5,ACTACGGACT,GAAGCGCTTC
SI-TS-F6,GCGAGTTTGG,GTACGGGTGC
SI-TS-F7,TTGAACCTCT,CTATATCTTC
SI-TS-F8,GTCGCGACAA,TGGCAGATTG
SI-TS-F9,TATGTTGTGC,ATTAAGCCAT
SI-TS-F10,TAAGATGCAC,TTGGCTATGA
SI-TS-F11,ATAGTCATAC,GACCAGTTTC
SI-TS-F12,GAATGGAAGG,TACAAGCGAC
SI-TS-G1,TTGGCGGCAC,AGTAACTTAC
SI-TS-G2,TGATCAAAGG,TAGTAAGGTT
SI-TS-G3,CCAGACACGG,ACCGCTTTCT
SI-TS-G4,CATTTACCGT,TTTACAGGTG
SI-TS-G5,TGGCCGTGAC,CGTTACAGTT
SI-TS-G6,CTGAAGTTGC,GCTTAAGATC
SI-TS-G7,TGAGTCAAGA,TAGGATCTGC
SI-TS-G8,CAGAGGTAAG,TCAGTGCAAA
SI-TS-G9,TGAGTATCTG,GAACGAGTCA
SI-TS-G10,TACATATGCT,TCACGATTAC
SI-TS-G11,AATAGCTATC,AAGCGACACT
SI-TS-G12,ACCCAGTTGT,TTGTGGGAAG
SI-TS-H1,CAGGACTCTA,CCATCCTACG
SI-TS-H2,GACCTCTATC,TTACACCTCG
SI-TS-H3,AAACAGGAGA,CAAGGGCCGA
SI-TS-H4,TCTATTGACA,GTTTGTTCAC
SI-TS-H5,CCCGCTTGAA,TACCTTGGGC
SI-TS-H6,AGTGACCAGT,TGTCTAACAA
SI-TS-H7,CGAGCGCAGT,CAGTTGAGGT
SI-TS-H8,ATACCTAACT,CACCATTATA
SI-TS-H9,CCTCCGTGTC,TACCTGGAAC
SI-TS-H10,TGTGAATTTC,CACGTGGTTC
SI-TS-H11,ACACCAGCCT,ACGAACCAGC
SI-TS-H12,GACAGGCGGT,CTAAGTCCAG
